﻿Designator,Footprint,Quantity,Value,LCSC Part #
"BAT+1, BAT-1",TestPoint_THTPad_2.0x2.0mm_Drill1.0mm,2,TestPoint,
"BT1, BT2",BatteryHolder_MPD_BH-18650-PC2,2,Battery_Cell,
C2,0805,1,10uF,
D2,LED_D5.0mm-4_RGB,1,LED_RAGB,
D3,SS14,1,1N5819,
"J1, J2",JST_PH_B2B-PH-K_1x02_P2.00mm_Vertical,2,Conn_01x02,
J3,PinSocket_2x20_P2.54mm_Vertical,1,Raspberry Pi Zero HW GPIO,
J4,CubeSat_PC104_16bit_footprint_Edge.Cut,1,~,
R2,0805,1,0,
SB3,SolderJumper-2_P1.3mm_Open_Pad1.0x1.5mm,1,SolderJumper_2_Open,
U1,TP5100 Charger_SMD,1,TP5100_Charger,
